survey_id,customer_id,customer_name,region,inquiry_type,survey_date,rating,comment
S00001,KE85950806,성진수,인천 연수구,요금 과다 청구 문의,2025-01-05,2,전기요금이 갑자기 두 배로 나왔습니다. 확인해봐도 사용량 변화가 없는데 이해가 안 됩니다. 고객센터에 전화했더니 대기 시간도 길고 불편했어요.
S00002,KE79564148,구혜원,광주 북구,에너지 절약 상담,2025-01-08,5,상담원분이 정말 친절하게 에너지 절약 방법을 알려주셨어요. 덕분에 이번 달 요금이 많이 줄었습니다. 감사합니다!
S00003,KE11877768,최미숙,인천 남동구,정전 피해 보상 요청,2025-01-12,1,갑작스런 정전으로 냉장고 식품이 모두 상했습니다. 보상 절차가 너무 복잡하고 서류도 많이 요구합니다. 매우 불만족스럽습니다.
S00004,KE53285800,황기영,광주 서구,요금 납부 방법 문의,2025-01-15,4,모바일 앱으로 간편하게 납부할 수 있어서 편리합니다. 다만 앱이 가끔 느려지는 점은 개선해주세요.
S00005,KE96835322,신혜진,경기 용인시,전력 품질 개선 요청,2025-01-18,3,전압이 불안정해서 가전제품이 자주 오작동합니다. 문의했더니 조사해보겠다고 하셨는데 아직 연락이 없네요.
S00006,KE57372026,최혜정,서울 송파구,스마트미터 설치 문의,2025-01-22,5,스마트미터 설치 안내를 받았는데 설명이 매우 상세하고 좋았습니다. 설치 기사님도 친절하셨어요.
S00007,KE48291035,김태호,부산 사하구,요금 과다 청구 문의,2025-01-25,2,겨울철 난방비가 너무 많이 나왔어요. 누진제 때문인 것 같은데 개선이 필요합니다.
S00008,KE63018472,이수진,대전 유성구,전기 안전 점검 요청,2025-01-28,4,안전 점검을 요청했더니 빠르게 방문해주셔서 좋았습니다. 점검 결과도 상세히 알려주셨어요.
S00009,KE71924503,박영호,서울 강남구,정전 신고,2025-02-02,1,새벽에 갑자기 정전이 되었는데 복구까지 3시간이나 걸렸습니다. 신고 전화도 계속 통화중이었어요. 정말 답답했습니다.
S00010,KE38476291,정미영,경기 성남시,요금 할인 문의,2025-02-05,3,복지 할인 대상인데 신청 절차가 좀 복잡했습니다. 온라인으로 간편하게 할 수 있으면 좋겠어요.
S00011,KE92847163,한지우,서울 마포구,친환경 에너지 상담,2025-02-08,5,태양광 발전 설치에 대해 자세히 상담받았습니다. 보조금 안내도 해주시고 정말 도움이 많이 됐어요.
S00012,KE15738294,오승현,인천 부평구,요금 과다 청구 문의,2025-02-12,2,에어컨도 안 틀었는데 전기요금이 많이 나왔어요. 검침이 제대로 된 건지 의심스럽습니다.
S00013,KE84629371,김서연,대구 수성구,계량기 교체 문의,2025-02-15,4,계량기 교체 일정을 문의했더니 친절하게 안내해주셨습니다. 교체도 신속하게 완료됐어요.
S00014,KE27384916,이동현,부산 해운대구,정전 피해 보상 요청,2025-02-18,1,사업장 정전으로 큰 피해를 입었는데 보상이 턱없이 적습니다. 재산정을 요구했지만 거절당했습니다. 매우 실망입니다.
S00015,KE59173824,박지현,서울 서초구,요금 납부 방법 문의,2025-02-22,5,자동이체 신청이 간편해서 좋았습니다. 상담원도 친절했고 처리가 빨랐어요.
S00016,KE46829173,최준혁,경기 고양시,전력 품질 개선 요청,2025-02-25,2,빈번한 전압 강하로 컴퓨터가 꺼지는 일이 잦습니다. 몇 번이나 신고했는데 근본적인 해결이 안 되고 있어요.
S00017,KE73819246,장수민,서울 강서구,에너지 절약 상담,2025-03-03,4,에너지 효율 등급에 대해 상세히 설명해주셔서 가전 교체에 도움이 됐습니다.
S00018,KE28461739,윤하은,대전 서구,요금 과다 청구 문의,2025-03-07,1,전기요금이 전월 대비 3배가 나왔습니다. 납득할 수 없어요. 항의했더니 고압적인 태도로 대응해서 더 화가 났습니다.
S00019,KE64738291,강민재,경기 수원시,스마트미터 설치 문의,2025-03-10,3,스마트미터 설치를 신청했는데 대기 기간이 2개월이라고 합니다. 좀 더 빨리 처리되면 좋겠어요.
S00020,KE91827364,서예진,서울 종로구,전기 안전 점검 요청,2025-03-14,5,안전 점검 서비스가 무료인 줄 몰랐는데 알게 되어 좋았습니다. 점검도 꼼꼼하게 해주셨어요.
S00021,KE38291746,임재호,부산 금정구,정전 신고,2025-03-18,2,오후에 2시간 동안 정전이 있었습니다. 사전 공지도 없었고 복구 예정 시간 안내도 없어서 불편했습니다.
S00022,KE72918364,조민서,인천 계양구,요금 할인 문의,2025-03-22,4,대가족 할인 신청이 되는지 문의했는데 친절하게 안내받았습니다. 서류 준비 목록도 알려주셔서 좋았어요.
S00023,KE19384726,홍성우,서울 동대문구,친환경 에너지 상담,2025-03-25,5,전기차 충전기 설치에 대해 상담받았습니다. 보조금 정보와 설치 절차를 상세히 알려주셔서 감사합니다.
S00024,KE84729163,배수진,경기 안양시,계량기 교체 문의,2025-03-28,3,계량기가 오래되어 교체를 요청했는데 일정 잡기까지 시간이 좀 걸렸습니다. 교체 후에는 정확해진 것 같아요.
S00025,KE52837194,문태경,대구 달서구,요금 과다 청구 문의,2025-04-02,2,사용량 대비 요금이 높게 책정된 것 같습니다. 검침 재확인을 요청했습니다.
S00026,KE93748261,이하윤,서울 용산구,에너지 절약 상담,2025-04-05,5,여름 대비 에너지 절약 팁을 많이 알려주셨어요. 에어컨 효율적 사용법이 특히 유용했습니다. 감사합니다!
S00027,KE47182936,정승호,광주 광산구,정전 피해 보상 요청,2025-04-08,1,공장 가동 중 정전으로 생산 라인이 멈추었습니다. 손해가 막대한데 보상 기준이 너무 낮습니다. 시정 요구합니다.
S00028,KE81293647,송미래,서울 관악구,요금 납부 방법 문의,2025-04-12,4,카드 자동이체로 변경하는 방법을 안내받았습니다. 온라인으로 바로 처리할 수 있어서 편리했어요.
S00029,KE36471829,김도윤,부산 남구,전력 품질 개선 요청,2025-04-15,3,가끔 전등이 깜빡이는 현상이 있어서 문의했습니다. 내부 배선 문제일 수 있다고 하셨는데 확인이 필요합니다.
S00030,KE62839174,이서윤,경기 화성시,스마트미터 설치 문의,2025-04-18,4,스마트미터 설치 후 실시간 사용량 확인이 가능해서 좋습니다. 앱 연동도 잘 되어요.
S00031,KE49271836,박준서,서울 강동구,전기 안전 점검 요청,2025-04-22,5,노후 아파트 전기 안전 점검을 받았는데 위험 요소를 찾아주셔서 사고를 예방할 수 있었습니다. 정말 감사합니다.
S00032,KE71839264,최윤아,대전 동구,정전 신고,2025-04-25,2,아파트 단지 전체가 저녁 시간에 정전되었습니다. 어두운 중에 아이들이 무서워했어요. 빠른 복구가 필요합니다.
S00033,KE28394716,한승민,인천 서구,요금 할인 문의,2025-04-28,3,장애인 할인 적용 여부를 문의했습니다. 안내는 받았는데 서류 제출이 좀 번거로웠어요.
S00034,KE93847261,오지은,서울 노원구,요금 과다 청구 문의,2025-05-03,1,전기요금 폭탄을 맞았습니다. 누진제가 너무 가혹해요. 전화 상담도 30분 넘게 대기해서 짜증났습니다.
S00035,KE47291836,김현우,경기 파주시,친환경 에너지 상담,2025-05-07,5,태양광 패널 설치 보조금에 대해 상담받았습니다. 절차와 혜택을 상세히 설명해주셔서 설치를 결정했어요!
S00036,KE62917384,이가은,부산 연제구,계량기 교체 문의,2025-05-10,4,디지털 계량기로 교체해주셔서 이제 정확한 사용량을 알 수 있게 됐습니다. 교체 과정도 빨랐어요.
S00037,KE81473926,박현준,서울 은평구,정전 피해 보상 요청,2025-05-14,2,정전으로 인한 전자제품 고장에 대해 보상을 요청했으나 증빙 서류가 너무 많이 필요합니다.
S00038,KE37482916,최서현,대구 동구,에너지 절약 상담,2025-05-18,4,에너지 진단 서비스를 받았는데 우리 집 에너지 낭비 요인을 정확히 짚어주셨어요. 실용적인 조언이었습니다.
S00039,KE69381724,정다은,서울 성북구,요금 납부 방법 문의,2025-05-22,5,카카오페이로 납부할 수 있게 되어서 정말 편해졌어요. 알림 서비스도 좋습니다.
S00040,KE24817369,강지훈,경기 광명시,전력 품질 개선 요청,2025-05-25,2,여름만 되면 전압이 떨어져서 에어컨이 제대로 작동하지 않습니다. 해마다 같은 문제인데 해결이 안 되고 있어요.
S00041,KE58293714,서하은,인천 미추홀구,스마트미터 설치 문의,2025-05-28,3,스마트미터 설치를 원하는데 우리 지역은 아직 지원이 안 된다고 합니다. 확대 계획이 있는지 궁금합니다.
S00042,KE91738264,임서연,서울 중구,전기 안전 점검 요청,2025-06-02,5,상가 전기 안전 점검을 받았습니다. 노후 배선을 교체해야 한다는 것을 알게 되어 큰 사고를 예방했습니다.
S00043,KE47293816,조현우,부산 북구,정전 신고,2025-06-05,1,무더운 여름날 에어컨이 꺼질 만큼 긴 정전이 있었습니다. 고령 가족이 있어서 건강이 걱정됐어요. 대책이 필요합니다.
S00044,KE82917364,홍수빈,대전 중구,요금 할인 문의,2025-06-08,4,경로 우대 할인에 대해 안내받았습니다. 신청이 간편해서 좋았어요.
S00045,KE36928174,배민혁,경기 김포시,요금 과다 청구 문의,2025-06-12,2,에어컨을 거의 안 틀었는데 여름 요금이 많이 나왔습니다. 이웃집과 비교해도 높은 것 같아요.
S00046,KE71382946,문서윤,서울 양천구,친환경 에너지 상담,2025-06-15,5,ESS(에너지저장장치) 설치에 대해 상담받았습니다. 경제성 분석까지 해주셔서 매우 유익했어요.
S00047,KE49283716,김하진,광주 남구,에너지 절약 상담,2025-06-18,4,여름철 냉방비 절약 방법을 상세히 알려주셨습니다. 창문 단열 필름 추천도 실용적이었어요.
S00048,KE83719264,이준영,서울 동작구,계량기 교체 문의,2025-06-22,3,계량기 교체 예약을 했는데 기사님 방문 시간이 정확하지 않아서 하루를 기다려야 했습니다.
S00049,KE27384916,박소연,부산 동래구,정전 피해 보상 요청,2025-06-25,1,여름 정전으로 냉장·냉동 식품 피해가 컸습니다. 보상 신청을 했는데 처리가 너무 늦습니다. 한 달째 기다리고 있어요.
S00050,KE64829173,최도현,경기 의정부시,요금 납부 방법 문의,2025-06-28,5,자동이체 할인 혜택이 있다는 것을 알게 되었습니다. 친절한 안내 감사합니다.
S00051,KE38472916,한지민,서울 광진구,전력 품질 개선 요청,2025-07-02,3,전압 변동 때문에 LED 조명이 가끔 깜빡입니다. 심각한 건 아니지만 신경 쓰여요.
S00052,KE92847163,오준서,대전 대덕구,스마트미터 설치 문의,2025-07-05,4,스마트미터 교체 후 앱에서 시간대별 사용량을 볼 수 있어서 전기 절약에 도움이 됩니다.
S00053,KE58173924,김민지,인천 연수구,전기 안전 점검 요청,2025-07-08,5,여름철 안전 점검으로 누전 위험을 발견해주셨어요. 빠른 조치 덕분에 안심하고 지냅니다.
S00054,KE71928346,이승우,서울 강남구,정전 신고,2025-07-12,2,사무실 정전으로 업무 중단이 발생했습니다. 사전 공지 없이 갑자기 끊어져서 데이터 손실도 있었어요.
S00055,KE49382716,박유나,경기 안산시,요금 할인 문의,2025-07-15,4,다자녀 가구 할인 혜택을 안내받았습니다. 신청 방법도 간단해서 바로 처리했어요.
S00056,KE83947261,정시우,부산 수영구,요금 과다 청구 문의,2025-07-18,1,여름 전기요금이 50만원이 넘게 나왔습니다. 누진제 구간이 너무 좁아요. 제도 개선이 시급합니다.
S00057,KE27481936,장하윤,서울 성동구,친환경 에너지 상담,2025-07-22,5,풍력 발전 소규모 투자에 대해 알아봤는데 담당자가 매우 전문적으로 설명해주셨습니다.
S00058,KE64738291,강서진,대구 북구,에너지 절약 상담,2025-07-25,3,에어컨 적정 온도 설정 등 기본적인 내용이었어요. 좀 더 심화된 절약 방법도 알려주시면 좋겠습니다.
S00059,KE18293746,서동현,경기 평택시,계량기 교체 문의,2025-07-28,4,스마트 계량기로 교체해주셨는데 기존 대비 사용량 확인이 훨씬 편리해졌습니다.
S00060,KE93827164,임수빈,서울 영등포구,정전 피해 보상 요청,2025-08-02,2,사무실 정전으로 서버 다운이 발생해 업무 피해가 컸습니다. 보상 기준이 현실적이지 않습니다.
S00061,KE47283916,조다은,인천 남동구,요금 납부 방법 문의,2025-08-05,4,은행 앱에서도 전기요금 납부가 가능해서 편리합니다. 납부 확인도 빠르게 됩니다.
S00062,KE72819364,홍준혁,서울 관악구,전력 품질 개선 요청,2025-08-08,3,새벽 시간대에 전압이 낮아지는 것 같습니다. 정밀 측정을 요청했는데 아직 답변을 못 받았어요.
S00063,KE38291746,배하은,광주 서구,스마트미터 설치 문의,2025-08-12,5,스마트 그리드 서비스에 대해 상세히 안내받았습니다. 미래 에너지 시스템에 대한 비전이 인상적이었어요.
S00064,KE91738264,문현우,부산 강서구,전기 안전 점검 요청,2025-08-15,4,공장 전기 안전 점검을 받았습니다. 개선 사항을 체계적으로 보고서로 제공해주셔서 좋았어요.
S00065,KE47182936,김예은,서울 중랑구,정전 신고,2025-08-18,1,한여름 밤에 4시간 정전이 있었습니다. 에어컨 없이 잠을 잘 수 없었고 아이가 열사병 증상을 보여 병원에 갔습니다.
S00066,KE82739164,이지훈,경기 남양주시,요금 할인 문의,2025-08-22,3,기초생활수급자 할인에 대해 문의했습니다. 서류 준비가 좀 까다로웠지만 할인율은 만족스럽습니다.
S00067,KE63829174,박서영,대전 서구,요금 과다 청구 문의,2025-08-25,2,사용량이 크게 변하지 않았는데 요금이 올라 의아했습니다. 요금 산정 기준에 대한 설명이 부족했어요.
S00068,KE29384716,최민준,서울 서대문구,친환경 에너지 상담,2025-08-28,5,가정용 태양광 대여 서비스에 대해 알게 됐습니다. 초기 비용 부담 없이 시작할 수 있어서 신청했어요!
S00069,KE74829163,한예진,인천 부평구,에너지 절약 상담,2025-09-02,4,겨울 대비 단열 개선 방법을 안내받았습니다. 정부 보조금 정보도 함께 알려주셔서 유용했어요.
S00070,KE48293716,오시우,부산 기장군,계량기 교체 문의,2025-09-05,3,계량기 교체 후 사용량 표시가 이전과 달라서 혼란스러웠어요. 설명이 좀 더 자세했으면 합니다.
S00071,KE92738164,김도현,서울 강북구,정전 피해 보상 요청,2025-09-08,1,태풍으로 인한 3일간 정전이었는데 보상이 전혀 없다고 합니다. 자연재해라는 이유인데 납득이 안 됩니다.
S00072,KE37481926,이수아,경기 용인시,요금 납부 방법 문의,2025-09-12,5,전자 고지서로 변경했더니 종이 낭비도 줄이고 관리도 편해졌습니다. 추천합니다!
S00073,KE64829173,박민혁,대구 서구,전력 품질 개선 요청,2025-09-15,2,공장 전력 품질이 좋지 않아 생산 설비에 문제가 생기고 있습니다. 여러 번 민원을 넣었는데 개선이 더딥니다.
S00074,KE81927364,정하은,서울 도봉구,스마트미터 설치 문의,2025-09-18,4,스마트미터 앱 사용법을 전화로 안내받았는데 친절하고 이해하기 쉬웠어요.
S00075,KE49271836,최서준,광주 동구,전기 안전 점검 요청,2025-09-22,5,추석 전 안전 점검 캠페인에 참여했습니다. 무료로 꼼꼼하게 점검해주셔서 안심이 됩니다.
S00076,KE72839164,장민서,인천 서구,정전 신고,2025-09-25,2,태풍 후 복구가 너무 느렸습니다. 이웃 단지는 복구됐는데 우리 단지만 하루 더 걸렸어요.
S00077,KE38472916,서유진,서울 구로구,요금 할인 문의,2025-09-28,4,에너지 캐시백 프로그램에 대해 알게 됐습니다. 절약하면 할인도 받을 수 있어서 동기부여가 됩니다.
S00078,KE91827364,임준서,부산 사상구,요금 과다 청구 문의,2025-10-03,3,요금이 좀 높게 느껴지지만 사용량을 확인해보니 이해는 됩니다. 다만 누진제 기준이 좀 완화되면 좋겠어요.
S00079,KE47382916,김하윤,경기 시흥시,친환경 에너지 상담,2025-10-07,5,전기차 충전 인프라에 대해 상담받았습니다. 아파트 충전기 설치 보조금 정보가 매우 유용했어요!
S00080,KE82917364,이현우,서울 동대문구,에너지 절약 상담,2025-10-10,4,건물 에너지 효율 개선 방안을 안내받았습니다. 단열재 교체와 LED 교체 효과를 구체적으로 알려주셔서 좋았어요.
S00081,KE63847291,박수민,대전 유성구,계량기 교체 문의,2025-10-14,3,계량기 교체 일정이 두 번이나 변경되어 불편했습니다. 일정 관리가 좀 더 체계적이면 좋겠어요.
S00082,KE29381746,최지은,인천 계양구,정전 피해 보상 요청,2025-10-18,2,정전으로 인한 수족관 생물 폐사에 대해 보상을 요청했습니다. 감정 평가가 어렵다는 답변을 받아 답답합니다.
S00083,KE74819263,한동현,서울 종로구,요금 납부 방법 문의,2025-10-22,5,네이버페이 연동으로 납부가 더 편리해졌습니다. 포인트 적립도 되어서 일석이조예요.
S00084,KE48293716,오미래,부산 남구,전력 품질 개선 요청,2025-10-25,3,가끔 순간 정전이 발생하는데 심각하지는 않지만 원인이 궁금합니다.
S00085,KE92738164,김시우,경기 하남시,스마트미터 설치 문의,2025-10-28,4,스마트미터 데이터를 활용한 맞춤 절약 팁을 받고 있는데 실제로 요금이 줄었어요. 좋은 서비스입니다.
S00086,KE37482916,이서진,서울 마포구,전기 안전 점검 요청,2025-11-02,5,겨울 전 난방 기기 안전 점검을 받았습니다. 전기장판 안전 사용법도 알려주셔서 유익했어요.
S00087,KE64829173,박지호,대구 중구,정전 신고,2025-11-05,2,겨울 초입에 정전이 되어 난방이 안 되었습니다. 고령 부모님이 계셔서 걱정이 많았어요.
S00088,KE81927364,정유나,광주 북구,요금 할인 문의,2025-11-08,4,다문화 가정 할인 혜택을 안내받았습니다. 몰랐던 혜택을 알게 되어 감사합니다.
S00089,KE49283716,최현준,서울 관악구,요금 과다 청구 문의,2025-11-12,1,난방비가 갑자기 많이 올랐습니다. 전년 같은 달과 비교해도 2배입니다. 요금 체계에 문제가 있는 것 아닌가요?
S00090,KE72918364,한서윤,인천 미추홀구,친환경 에너지 상담,2025-11-15,5,제로에너지 건축에 대해 상담받았습니다. 향후 건축 계획에 큰 도움이 됐어요. 전문적인 상담 감사합니다.
S00091,KE38291746,오도윤,부산 해운대구,에너지 절약 상담,2025-11-18,3,겨울철 난방비 절약 방법을 안내받았는데 이미 알고 있는 내용이 대부분이었어요. 새로운 정보가 있었으면 좋겠습니다.
S00092,KE83729164,김예진,서울 송파구,계량기 교체 문의,2025-11-22,4,스마트 계량기로 업그레이드했습니다. 앱으로 실시간 모니터링이 가능해서 전기 절약에 관심이 더 생겼어요.
S00093,KE47291836,이민호,경기 부천시,정전 피해 보상 요청,2025-11-25,2,난방 중 정전으로 보일러가 멈춰 동파 피해가 발생했습니다. 보상 처리가 지연되고 있어 답답합니다.
S00094,KE62839174,박하은,대전 동구,요금 납부 방법 문의,2025-11-28,5,음성 ARS를 통한 간편 납부가 가능해서 스마트폰에 익숙하지 않은 어르신도 쉽게 이용할 수 있어요.
S00095,KE91738264,정준혁,서울 강서구,전력 품질 개선 요청,2025-12-02,3,겨울철 난방 가동 시 전압 강하가 느껴집니다. 큰 문제는 아니지만 모니터링을 부탁드립니다.
S00096,KE48372916,최서연,인천 연수구,스마트미터 설치 문의,2025-12-05,4,스마트미터 앱의 에너지 리포트 기능이 좋습니다. 월별 비교가 한눈에 보여서 관리하기 편해요.
S00097,KE72839164,강현우,부산 진구,전기 안전 점검 요청,2025-12-08,5,연말 안전 점검을 통해 노후 콘센트를 발견했습니다. 바로 교체 안내까지 해주셔서 매우 만족합니다.
S00098,KE39482716,서민지,서울 성북구,정전 신고,2025-12-12,2,크리스마스 시즌에 정전이 발생해서 난감했습니다. 복구는 비교적 빨랐지만 사전 알림이 있었으면 좋겠어요.
S00099,KE81273946,임하윤,경기 안양시,요금 할인 문의,2025-12-15,4,동절기 난방비 할인 프로그램이 있다는 것을 알게 됐어요. 안내 감사합니다.
S00100,KE47928316,조시우,대구 수성구,요금 과다 청구 문의,2025-12-18,3,난방비가 좀 높게 나왔지만 사용량을 보니 이해됩니다. 누진제 구간 안내가 좀 더 명확하면 좋겠어요.
S00101,KE63928174,홍예진,서울 용산구,친환경 에너지 상담,2025-12-22,5,2026년 에너지 정책 변화에 대해 상담받았습니다. 신재생에너지 확대 계획이 기대됩니다.
S00102,KE28394716,배도현,광주 광산구,에너지 절약 상담,2025-12-25,4,연말 에너지 절약 캠페인에 참여했어요. 실천 가능한 팁들이 많아서 좋았습니다.
S00103,KE91827364,문수빈,부산 북구,계량기 교체 문의,2025-12-28,3,계량기 교체 과정에서 잠시 전기가 끊겼는데 미리 안내해주셨으면 좋았을 것 같아요.
S00104,KE47382916,김승현,서울 동작구,정전 피해 보상 요청,2025-01-20,1,겨울 정전으로 온수기가 고장났습니다. 수리비 보상을 요청했지만 대기만 하고 있습니다. 처리 속도가 너무 느려요.
S00105,KE72918364,이채은,경기 구리시,요금 납부 방법 문의,2025-02-14,4,전기요금 분납 신청이 가능하다는 것을 알게 됐습니다. 경제적으로 부담이 줄어서 좋아요.
S00106,KE38492716,박건우,대전 서구,전력 품질 개선 요청,2025-03-20,2,공장 지역인데 전력 품질이 불안정합니다. 민감한 장비가 많아서 문제가 큽니다. 빠른 대응을 부탁드립니다.
S00107,KE63849271,최유진,서울 강남구,스마트미터 설치 문의,2025-04-10,5,스마트미터와 홈 IoT 연동에 대해 상담받았어요. 미래 에너지 관리가 기대됩니다!
S00108,KE91738264,한준서,인천 남동구,전기 안전 점검 요청,2025-05-15,4,어린이집 전기 안전 점검을 받았습니다. 아이들 안전을 위해 꼼꼼히 점검해주셔서 감사합니다.
S00109,KE47283916,오서윤,부산 사하구,정전 신고,2025-06-20,1,한여름 낮 시간에 6시간 정전이 있었습니다. 실내 온도가 40도까지 올라갔어요. 생명과 직결되는 문제입니다.
S00110,KE82739164,김하은,경기 성남시,요금 할인 문의,2025-07-25,3,할인 적용 여부를 확인하려고 전화했는데 상담 대기가 20분이었어요. 대기 시간이 줄었으면 합니다.
S00111,KE38291746,이도윤,서울 강동구,요금 과다 청구 문의,2025-08-15,2,에어컨을 절약 모드로 사용했는데도 요금이 많이 나왔어요. 사용 패턴별 요금 시뮬레이션이 있으면 좋겠습니다.
S00112,KE64829173,박예은,대구 달서구,친환경 에너지 상담,2025-09-20,5,지역 에너지 자립 마을 프로젝트에 대해 알게 됐습니다. 우리 마을도 참여하고 싶어요!
S00113,KE49271836,정현준,광주 남구,에너지 절약 상담,2025-10-15,4,가을철 에너지 효율 개선 방법을 안내받았습니다. 보일러 관리 팁이 특히 도움이 됐어요.
S00114,KE72839164,최민서,서울 노원구,계량기 교체 문의,2025-11-20,3,계량기 고장으로 교체를 요청했는데 일주일이나 걸렸습니다. 그동안 사용량 추정치가 적용된 것 같아 불안해요.
S00115,KE83729164,한다은,인천 서구,정전 피해 보상 요청,2025-12-10,2,난방 정전으로 인한 배관 동파 수리비가 50만원이 넘었는데 보상 대상이 아니라는 답변에 황당합니다.
S00116,KE47928316,서준혁,부산 연제구,요금 납부 방법 문의,2025-01-30,5,신용카드 포인트로 전기요금 납부가 가능한 것을 알게 됐습니다. 적극 활용하겠습니다!
S00117,KE91738264,임서영,경기 평택시,전력 품질 개선 요청,2025-03-15,3,가끔 발생하는 순간 전압 강하에 대해 문의했습니다. 모니터링 중이라는 답변을 받았어요.
S00118,KE63829174,김태은,서울 중구,스마트미터 설치 문의,2025-05-20,4,스마트미터 설치 후 전기 사용 패턴을 분석해주는 서비스가 유용합니다.
S00119,KE38472916,이건우,대전 동구,전기 안전 점검 요청,2025-07-10,5,장마철 전 누전 차단기 점검을 받았습니다. 한 곳에서 이상을 발견해 교체했어요. 큰 사고를 예방했습니다!
S00120,KE72918364,박지은,대구 동구,정전 신고,2025-09-08,2,태풍으로 인한 정전이 이틀간 계속됐습니다. 비상 연락망이 작동하지 않아 정보를 얻기 어려웠어요.
S00121,KE48293716,최승민,서울 은평구,요금 할인 문의,2025-11-10,4,에너지 바우처 지원 대상인지 확인했습니다. 해당되어 큰 도움을 받게 됐어요. 감사합니다.
S00122,KE82917364,한유진,경기 광명시,요금 과다 청구 문의,2025-02-20,1,겨울 난방비가 80만원이 나왔습니다. 2인 가구인데 이건 너무합니다. 누진제 폐지를 강력히 요구합니다.
S00123,KE63847291,오하은,인천 부평구,친환경 에너지 상담,2025-04-20,5,수소 에너지에 대한 미래 전망을 상담받았습니다. 선진적인 에너지 정책에 기대가 큽니다.
S00124,KE91827364,김현서,부산 동래구,에너지 절약 상담,2025-06-10,3,절약 상담을 받았는데 기존에 실천하고 있는 내용이 대부분이었어요. 고급 절약 전략도 제공해주세요.
S00125,KE37482916,이수현,서울 서초구,계량기 교체 문의,2025-08-20,4,AMI 계량기로 교체된 후 데이터 수집이 자동화되어 편리합니다. 기술 발전이 느껴져요.
S00126,KE49283716,박시우,대전 중구,정전 피해 보상 요청,2025-10-05,2,간헐적 정전으로 인한 전자기기 고장에 대해 보상을 요청했으나 인과관계 증명이 어렵다는 답변을 받았습니다.
S00127,KE72839164,정예은,서울 양천구,요금 납부 방법 문의,2025-12-01,5,전기요금 고지서 이메일 수신으로 변경했습니다. 환경도 보호하고 분실 걱정도 없어서 좋아요.
S00128,KE38291746,최도현,경기 김포시,전력 품질 개선 요청,2025-01-25,3,겨울철 전압이 좀 낮은 것 같아서 문의했습니다. 정상 범위라는 답변을 받았는데 가전 작동에는 영향이 없어서 다행입니다.
S00129,KE64829173,한민재,광주 서구,스마트미터 설치 문의,2025-03-25,4,스마트미터 에너지 리포트가 매달 오는데 유용합니다. 전월 대비 사용량 변화를 바로 알 수 있어요.
S00130,KE81927364,서소연,부산 금정구,전기 안전 점검 요청,2025-05-25,5,상가 전기 시설 점검을 받았습니다. 화재 위험 요소를 사전에 발견해주셔서 정말 감사합니다.
S00131,KE47382916,임지훈,서울 광진구,정전 신고,2025-07-20,1,폭염 경보 중 대규모 정전이 발생했습니다. 냉방 시설이 모두 멈춰 노약자 안전이 심각하게 위협받았습니다.
S00132,KE92738164,김다은,경기 의왕시,요금 할인 문의,2025-09-15,4,차상위 계층 전기요금 감면에 대해 안내받았습니다. 덕분에 부담이 줄었어요.
S00133,KE38472916,이준혁,대구 북구,요금 과다 청구 문의,2025-11-18,3,겨울 요금이 올라서 문의했는데 누진 구간 설명을 해주셔서 이해는 됐습니다. 하지만 여전히 부담스럽네요.
S00134,KE63829174,박하윤,서울 성동구,친환경 에너지 상담,2025-02-08,5,건물 옥상 태양광 설치 상담을 받았습니다. 투자 대비 수익 분석까지 해주셔서 결정에 큰 도움이 됐어요.
S00135,KE91738264,정시현,인천 계양구,에너지 절약 상담,2025-04-15,4,봄철 에너지 관리 방법을 상담받았습니다. 보일러 정비 시기 안내가 실용적이었어요.
S00136,KE47291836,최유나,부산 북구,계량기 교체 문의,2025-06-15,3,계량기 교체 신청 후 방문까지 3주가 걸렸어요. 더 빠른 처리가 가능하면 좋겠습니다.
S00137,KE82739164,한승호,서울 도봉구,정전 피해 보상 요청,2025-08-10,1,여름 정전으로 에어컨 컴프레서가 고장났습니다. 수리비 30만원인데 보상 불가라니 부당합니다.
S00138,KE38291746,서지은,경기 고양시,요금 납부 방법 문의,2025-10-10,5,토스로 간편 납부를 시작했어요. 납부일 알림도 와서 연체 걱정이 없어졌습니다. 정말 편리해요!
S00139,KE64829173,오현우,대전 대덕구,전력 품질 개선 요청,2025-12-15,3,겨울철 피크 시간대에 전압이 좀 불안정한 것 같습니다. 모니터링 요청드립니다.
S00140,KE72918364,김서현,서울 강남구,스마트미터 설치 문의,2025-02-25,4,스마트미터 앱에 AI 기반 요금 예측 기능이 추가되었다고 들었는데 매우 유용할 것 같아요.
S00141,KE49283716,이하준,광주 동구,전기 안전 점검 요청,2025-04-25,5,봄맞이 전기 안전 캠페인에서 무료 점검을 받았습니다. 콘센트 과부하 위험을 알려주셔서 감사해요.
S00142,KE83729164,박유나,부산 수영구,정전 신고,2025-06-25,2,저녁 식사 준비 중 정전이 되어 불편했습니다. 인근 공사로 인한 것이라는데 사전 공지가 전혀 없었어요.
S00143,KE37482916,정도윤,서울 중랑구,요금 할인 문의,2025-08-25,4,장기 자동이체 고객 할인이 있다는 것을 처음 알았어요. 바로 신청했습니다.
S00144,KE92738164,최하은,경기 수원시,요금 과다 청구 문의,2025-10-20,2,전기 온수기를 사용하는데 요금이 생각보다 많이 나왔습니다. 효율적인 사용 방법을 안내받았으면 좋겠어요.
S00145,KE47928316,한민지,인천 연수구,친환경 에너지 상담,2025-12-20,5,2026년 신재생에너지 보급 계획에 대해 상담받았습니다. 적극적인 에너지 전환 정책에 희망을 느낍니다.
S00146,KE63847291,서승준,대구 달서구,에너지 절약 상담,2025-01-10,3,겨울 절약 상담인데 실내 적정 온도 유지 정도의 기본 내용이었어요. 좀 더 구체적인 솔루션이 필요합니다.
S00147,KE81927364,김민서,서울 관악구,계량기 교체 문의,2025-03-08,4,노후 계량기를 디지털로 교체했더니 숫자가 훨씬 선명하고 보기 좋아졌어요.
S00148,KE47382916,이승우,부산 진구,정전 피해 보상 요청,2025-05-08,2,공장 정전으로 원자재 폐기 손실이 발생했습니다. 산업용 고객에 대한 보상 기준이 너무 낮습니다.
S00149,KE38291746,박지수,서울 서대문구,요금 납부 방법 문의,2025-07-08,5,QR코드 납부 방식이 생겨서 정말 편해졌어요. 기술이 발전하는 것이 체감됩니다.
S00150,KE72839164,최예은,경기 안산시,전력 품질 개선 요청,2025-09-30,3,간헐적 전압 변동에 대해 문의했더니 지역 전력망 개선 계획이 있다고 합니다. 기대해봅니다.
